"","motivation","freq","gender"
"discovery","discovery",7,"female"
"discoveries","discoveries",7,"female"
"work","work",7,"female"
"rights","rights",7,"female"
"struggle","struggle",7,"female"
"development","development",5,"female"
"human","human",5,"female"
"life","life",5,"female"
"peace","peace",4,"female"
"efforts","efforts",4,"female"
"nonviolent","nonviolent",4,"female"
"women","women",4,"female"
"recognition","recognition",3,"female"
"elements","elements",3,"female"
"concerning","concerning",3,"female"
"conflict","conflict",3,"female"
"end","end",3,"female"
"northern","northern",3,"female"
"democracy","democracy",3,"female"
"writings","writings",3,"female"
"poetry","poetry",3,"female"
"children","children",3,"female"
"full","full",3,"female"
"participation","participation",3,"female"
"peacebuilding","peacebuilding",3,"female"
"safety","safety",3,"female"
"women<e2><U+0092>s","women<e2><U+0092>s",3,"female"
"method","method",3,"female"
"extraordinary","extraordinary",2,"female"
"services","services",2,"female"
"radium","radium",2,"female"
"nuclear","nuclear",2,"female"
"structure","structure",2,"female"
"important","important",2,"female"
"genetic","genetic",2,"female"
"war","war",2,"female"
"courageous","courageous",2,"female"
"founding","founding",2,"female"
"ireland","ireland",2,"female"
"movement","movement",2,"female"
"put","put",2,"female"
"violent","violent",2,"female"
"humanity","humanity",2,"female"
"suffering","suffering",2,"female"
"imagination","imagination",2,"female"
"inspired","inspired",2,"female"
"descriptions","descriptions",2,"female"
"powerful","powerful",2,"female"
"epic","epic",2,"female"
"american","american",2,"female"
"writing","writing",2,"female"
"novels","novels",2,"female"
"poetic","poetic",2,"female"
"reality","reality",2,"female"
"visionary","visionary",2,"female"
"especially","especially",2,"female"
"system","system",2,"female"
"power","power",2,"female"
"chromosomes","chromosomes",2,"female"
"enzyme","enzyme",2,"female"
"protected","protected",2,"female"
"telomerase","telomerase",2,"female"
"telomeres","telomeres",2,"female"
"editing","editing",2,"female"
"genome","genome",2,"female"
"becquerel","becquerel",1,"female"
"discovered","discovered",1,"female"
"henri","henri",1,"female"
"joint","joint",1,"female"
"phenomena","phenomena",1,"female"
"professor","professor",1,"female"
"radiation","radiation",1,"female"
"rendered","rendered",1,"female"
"researches","researches",1,"female"
"advancement","advancement",1,"female"
"chemistry","chemistry",1,"female"
"compounds","compounds",1,"female"
"element","element",1,"female"
"isolation","isolation",1,"female"
"nature","nature",1,"female"
"polonium","polonium",1,"female"
"remarkable","remarkable",1,"female"
"study","study",1,"female"
"shell","shell",1,"female"
"new","new",1,"female"
"radioactive","radioactive",1,"female"
"synthesis","synthesis",1,"female"
"biochemical","biochemical",1,"female"
"determinations","determinations",1,"female"
"structures","structures",1,"female"
"substances","substances",1,"female"
"techniques","techniques",1,"female"
"xray","xray",1,"female"
"catalytic","catalytic",1,"female"
"conversion","conversion",1,"female"
"course","course",1,"female"
"glycogen","glycogen",1,"female"
"hormones","hormones",1,"female"
"peptide","peptide",1,"female"
"radioimmunoassays","radioimmunoassays",1,"female"
"mobile","mobile",1,"female"
"factors","factors",1,"female"
"growth","growth",1,"female"
"drug","drug",1,"female"
"principles","principles",1,"female"
"treatment","treatment",1,"female"
"control","control",1,"female"
"early","early",1,"female"
"embryonic","embryonic",1,"female"
"audacity","audacity",1,"female"
"horrors","horrors",1,"female"
"oppose","oppose",1,"female"
"assiduous","assiduous",1,"female"
"effort","effort",1,"female"
"ideal","ideal",1,"female"
"mankind","mankind",1,"female"
"nation","nation",1,"female"
"rekindle","rekindle",1,"female"
"revive","revive",1,"female"
"spirit","spirit",1,"female"
"whole","whole",1,"female"
"cause","cause",1,"female"
"lifelong","lifelong",1,"female"
"bringing","bringing",1,"female"
"help","help",1,"female"
"disarmament","disarmament",1,"female"
"weaponfree","weaponfree",1,"female"
"zones","zones",1,"female"
"based","based",1,"female"
"ethnocultural","ethnocultural",1,"female"
"indigenous","indigenous",1,"female"
"justice","justice",1,"female"
"peoples","peoples",1,"female"
"reconciliation","reconciliation",1,"female"
"respect","respect",1,"female"
"social","social",1,"female"
"antipersonnel","antipersonnel",1,"female"
"banning","banning",1,"female"
"clearing","clearing",1,"female"
"mines","mines",1,"female"
"appreciation","appreciation",1,"female"
"characterize","characterize",1,"female"
"idealism","idealism",1,"female"
"lofty","lofty",1,"female"
"perception","perception",1,"female"
"spiritual","spiritual",1,"female"
"vivid","vivid",1,"female"
"clarity","clarity",1,"female"
"deal","deal",1,"female"
"depth","depth",1,"female"
"general","general",1,"female"
"idealistically","idealistically",1,"female"
"island","island",1,"female"
"native","native",1,"female"
"picture","picture",1,"female"
"plastic","plastic",1,"female"
"problems","problems",1,"female"
"sympathy","sympathy",1,"female"
"ages","ages",1,"female"
"middle","middle",1,"female"
"principally","principally",1,"female"
"biographical","biographical",1,"female"
"china","china",1,"female"
"masterpieces","masterpieces",1,"female"
"peasant","peasant",1,"female"
"rich","rich",1,"female"
"truly","truly",1,"female"
"aspirations","aspirations",1,"female"
"emotions","emotions",1,"female"
"entire","entire",1,"female"
"idealistic","idealistic",1,"female"
"latin","latin",1,"female"
"lyric","lyric",1,"female"
"made","made",1,"female"
"name","name",1,"female"
"symbol","symbol",1,"female"
"world","world",1,"female"
"destiny","destiny",1,"female"
"dramatic","dramatic",1,"female"
"interprets","interprets",1,"female"
"israels","israels",1,"female"
"lyrical","lyrical",1,"female"
"outstanding","outstanding",1,"female"
"strength","strength",1,"female"
"touching","touching",1,"female"
"alfred","alfred",1,"female"
"benefit","benefit",1,"female"
"great","great",1,"female"
"magnificent","magnificent",1,"female"
"nobel","nobel",1,"female"
"words","words",1,"female"
"aspect","aspect",1,"female"
"characterized","characterized",1,"female"
"essential","essential",1,"female"
"force","force",1,"female"
"gives","gives",1,"female"
"import","import",1,"female"
"allows","allows",1,"female"
"biological","biological",1,"female"
"come","come",1,"female"
"context","context",1,"female"
"fragments","fragments",1,"female"
"historical","historical",1,"female"
"ironic","ironic",1,"female"
"light","light",1,"female"
"precision","precision",1,"female"
"focused","focused",1,"female"
"she","she",1,"female"
"odorant","odorant",1,"female"
"olfactory","olfactory",1,"female"
"organization","organization",1,"female"
"receptors","receptors",1,"female"
"absurdity","absurdity",1,"female"
"clicheacutes","clicheacutes",1,"female"
"countervoices","countervoices",1,"female"
"flow","flow",1,"female"
"linguistic","linguistic",1,"female"
"musical","musical",1,"female"
"plays","plays",1,"female"
"reveal","reveal",1,"female"
"societys","societys",1,"female"
"subjugating","subjugating",1,"female"
"voices","voices",1,"female"
"zeal","zeal",1,"female"
"contribution","contribution",1,"female"
"sustainable","sustainable",1,"female"
"civilisation","civilisation",1,"female"
"divided","divided",1,"female"
"epicist","epicist",1,"female"
"experience","experience",1,"female"
"female","female",1,"female"
"fire","fire",1,"female"
"scepticism","scepticism",1,"female"
"scrutiny","scrutiny",1,"female"
"subjected","subjected",1,"female"
"immunodeficiency","immunodeficiency",1,"female"
"virus","virus",1,"female"
"function","function",1,"female"
"ribosome","ribosome",1,"female"
"studies","studies",1,"female"
"concentration","concentration",1,"female"
"depicts","depicts",1,"female"
"dispossessed","dispossessed",1,"female"
"frankness","frankness",1,"female"
"landscape","landscape",1,"female"
"prose","prose",1,"female"
"analysis","analysis",1,"female"
"commons","commons",1,"female"
"economic","economic",1,"female"
"governance","governance",1,"female"
"contemporary","contemporary",1,"female"
"master","master",1,"female"
"short","short",1,"female"
"story","story",1,"female"
"brain","brain",1,"female"
"cells","cells",1,"female"
"constitute","constitute",1,"female"
"positioning","positioning",1,"female"
"education","education",1,"female"
"people","people",1,"female"
"right","right",1,"female"
"suppression","suppression",1,"female"
"young","young",1,"female"
"malaria","malaria",1,"female"
"novel","novel",1,"female"
"therapy","therapy",1,"female"
"courage","courage",1,"female"
"monument","monument",1,"female"
"polyphonic","polyphonic",1,"female"
"time","time",1,"female"
"generating","generating",1,"female"
"highintensity","highintensity",1,"female"
"optical","optical",1,"female"
"pulses","pulses",1,"female"
"ultrashort","ultrashort",1,"female"
"directed","directed",1,"female"
"enzymes","enzymes",1,"female"
"evolution","evolution",1,"female"
"armed","armed",1,"female"
"sexual","sexual",1,"female"
"use","use",1,"female"
"violence","violence",1,"female"
"weapon","weapon",1,"female"
"boundaries","boundaries",1,"female"
"crossing","crossing",1,"female"
"encyclopedic","encyclopedic",1,"female"
"form","form",1,"female"
"narrative","narrative",1,"female"
"passion","passion",1,"female"
"represents","represents",1,"female"
"alleviating","alleviating",1,"female"
"approach","approach",1,"female"
"experimental","experimental",1,"female"
"global","global",1,"female"
"poverty","poverty",1,"female"
"centre","centre",1,"female"
"compact","compact",1,"female"
"galaxy","galaxy",1,"female"
"object","object",1,"female"
"supermassive","supermassive",1,"female"
"austere","austere",1,"female"
"beauty","beauty",1,"female"
"existence","existence",1,"female"
"individual","individual",1,"female"
"makes","makes",1,"female"
"universal","universal",1,"female"
"unmistakable","unmistakable",1,"female"
"voice","voice",1,"female"
"discovery1","discovery",192,"male"
"discoveries1","discoveries",152,"male"
"concerning1","concerning",112,"male"
"development1","development",94,"male"
"work1","work",90,"male"
"theory","theory",67,"male"
"contributions","contributions",57,"male"
"structure1","structure",51,"male"
"recognition1","recognition",44,"male"
"economic1","economic",43,"male"
"chemical","chemical",42,"male"
"new1","new",39,"male"
"analysis1","analysis",38,"male"
"fundamental","fundamental",33,"male"
"pioneering","pioneering",32,"male"
"synthesis1","synthesis",32,"male"
"peace1","peace",30,"male"
"human1","human",29,"male"
"studies1","studies",27,"male"
"method1","method",27,"male"
"especially1","especially",27,"male"
"chemistry1","chemistry",27,"male"
"methods","methods",26,"male"
"role","role",25,"male"
"cell","cell",25,"male"
"investigations","investigations",24,"male"
"system1","system",24,"male"
"international","international",24,"male"
"research","research",23,"male"
"contribution1","contribution",23,"male"
"mechanism","mechanism",23,"male"
"reactions","reactions",21,"male"
"invention","invention",20,"male"
"genetic1","genetic",20,"male"
"physics","physics",19,"male"
"effect","effect",19,"male"
"organic","organic",18,"male"
"efforts1","efforts",18,"male"
"connection","connection",17,"male"
"important1","important",17,"male"
"elementary","elementary",17,"male"
"particles","particles",17,"male"
"quantum","quantum",17,"male"
"atomic","atomic",17,"male"
"nuclear1","nuclear",17,"male"
"cells1","cells",17,"male"
"services1","services",16,"male"
"theoretical","theoretical",16,"male"
"molecular","molecular",16,"male"
"art","art",16,"male"
"life1","life",16,"male"
"biological1","biological",15,"male"
"mechanisms","mechanisms",15,"male"
"poetry1","poetry",15,"male"
"radiation1","radiation",14,"male"
"great1","great",14,"male"
"production","production",14,"male"
"field","field",14,"male"
"high","high",14,"male"
"processes","processes",14,"male"
"understanding","understanding",14,"male"
"poetic1","poetic",14,"male"
"use1","use",13,"male"
"determination","determination",13,"male"
"particular","particular",13,"male"
"systems","systems",13,"male"
"peaceful","peaceful",13,"male"
"rendered1","rendered",12,"male"
"researches1","researches",12,"male"
"led","led",12,"male"
"elements1","elements",12,"male"
"application","application",12,"male"
"magnetic","magnetic",12,"male"
"particle","particle",12,"male"
"interaction","interaction",12,"male"
"protein","protein",12,"male"
"regulation","regulation",12,"male"
"experimental1","experimental",11,"male"
"nature1","nature",11,"male"
"called","called",11,"male"
"developed","developed",11,"male"
"design","design",11,"male"
"substances1","substances",11,"male"
"structures1","structures",11,"male"
"organization1","organization",11,"male"
"viruses","viruses",11,"male"
"cause1","cause",11,"male"
"nations","nations",11,"male"
"phenomena1","phenomena",10,"male"
"regarding","regarding",10,"male"
"spectroscopy","spectroscopy",10,"male"
"electron","electron",10,"male"
"light1","light",10,"male"
"principle","principle",10,"male"
"principles1","principles",10,"male"
"decisive","decisive",10,"male"
"form1","form",10,"male"
"proteins","proteins",10,"male"
"acid","acid",10,"male"
"relating","relating",10,"male"
"nerve","nerve",10,"male"
"information","information",10,"male"
"social1","social",10,"male"
"time1","time",10,"male"
"conflict1","conflict",10,"male"
"narrative1","narrative",10,"male"
"markets","markets",10,"male"
"extraordinary1","extraordinary",9,"male"
"energy","energy",9,"male"
"atoms","atoms",9,"male"
"cosmic","cosmic",9,"male"
"neutrino","neutrino",9,"male"
"compounds1","compounds",9,"male"
"origin","origin",9,"male"
"enzymes1","enzymes",9,"male"
"virus1","virus",9,"male"
"problems1","problems",9,"male"
"material","material",9,"male"
"struggle1","struggle",9,"male"
"freedom","freedom",9,"male"
"rights1","rights",9,"male"
"power1","power",9,"male"
"optical1","optical",8,"male"
"based1","based",8,"male"
"properties","properties",8,"male"
"means","means",8,"male"
"nuclei","nuclei",8,"male"
"interpretation","interpretation",8,"male"
"technique","technique",8,"male"
"weak","weak",8,"male"
"deep","deep",8,"male"
"east","east",8,"male"
"nucleic","nucleic",8,"male"
"therapy1","therapy",8,"male"
"control1","control",8,"male"
"war1","war",8,"male"
"cooperation","cooperation",8,"male"
"developing","developing",8,"male"
"world1","world",8,"male"
"solution","solution",8,"male"
"artistic","artistic",8,"male"
"history","history",8,"male"
"writing1","writing",8,"male"
"epic1","epic",8,"male"
"gases","gases",7,"male"
"precision1","precision",7,"male"
"matter","matter",7,"male"
"equilibrium","equilibrium",7,"male"
"electrons","electrons",7,"male"
"resonance","resonance",7,"male"
"made1","made",7,"male"
"phase","phase",7,"male"
"jointly","jointly",7,"male"
"particularly","particularly",7,"male"
"large","large",7,"male"
"including","including",7,"male"
"importance","importance",7,"male"
"molecules","molecules",7,"male"
"mass","mass",7,"male"
"acids","acids",7,"male"
"achievements","achievements",7,"male"
"microscopy","microscopy",7,"male"
"diseases","diseases",7,"male"
"treatment1","treatment",7,"male"
"metabolism","metabolism",7,"male"
"function1","function",7,"male"
"antibodies","antibodies",7,"male"
"individual1","individual",7,"male"
"immune","immune",7,"male"
"create","create",7,"male"
"bringing1","bringing",7,"male"
"spirit1","spirit",7,"male"
"force1","force",7,"male"
"foundations","foundations",7,"male"
"works","works",7,"male"
"novel1","novel",7,"male"
"empirical","empirical",7,"male"
"analyses","analyses",7,"male"
"upon","upon",6,"male"
"laws","laws",6,"male"
"forms","forms",6,"male"
"demonstration","demonstration",6,"male"
"theories","theories",6,"male"
"symmetry","symmetry",6,"male"
"interactions","interactions",6,"male"
"effects","effects",6,"male"
"inventions","inventions",6,"male"
"motion","motion",6,"male"
"complex","complex",6,"male"
"polymers","polymers",6,"male"
"opened","opened",6,"male"
"science","science",6,"male"
"knowledge","knowledge",6,"male"
"used","used",6,"male"
"behaviour","behaviour",6,"male"
"outstanding1","outstanding",6,"male"
"active","active",6,"male"
"centre1","centre",6,"male"
"transfer","transfer",6,"male"
"rna","rna",6,"male"
"enzyme1","enzyme",6,"male"
"played","played",6,"male"
"immunity","immunity",6,"male"
"regulating","regulating",6,"male"
"action","action",6,"male"
"embryonic1","embryonic",6,"male"
"various","various",6,"male"
"living","living",6,"male"
"specificity","specificity",6,"male"
"effort1","effort",6,"male"
"crucial","crucial",6,"male"
"people1","people",6,"male"
"drama","drama",6,"male"
"traditions","traditions",6,"male"
"lyrical1","lyrical",6,"male"
"literature","literature",6,"male"
"rich1","rich",6,"male"
"contemporary1","contemporary",6,"male"
"writings1","writings",6,"male"
"models","models",6,"male"
"policy","policy",6,"male"
"topological","topological",6,"male"
"influence","influence",5,"male"
"service","service",5,"male"
"alia","alia",5,"male"
"helium","helium",5,"male"
"inter","inter",5,"male"
"diffraction","diffraction",5,"male"
"fields","fields",5,"male"
"scattering","scattering",5,"male"
"hydrogen","hydrogen",5,"male"
"existence1","existence",5,"male"
"radioactive1","radioactive",5,"male"
"related","related",5,"male"
"extremely","extremely",5,"male"
"therewith","therewith",5,"male"
"prediction","prediction",5,"male"
"pioneer","pioneer",5,"male"
"semiconductors","semiconductors",5,"male"
"superconductivity","superconductivity",5,"male"
"penetrating","penetrating",5,"male"
"thereby","thereby",5,"male"
"superconductors","superconductors",5,"male"
"astrophysics","astrophysics",5,"male"
"observations","observations",5,"male"
"electronic","electronic",5,"male"
"background","background",5,"male"
"neutral","neutral",5,"male"
"laser","laser",5,"male"
"formation","formation",5,"male"
"ion","ion",5,"male"
"trap","trap",5,"male"
"sugar","sugar",5,"male"
"reaction","reaction",5,"male"
"vitamin","vitamin",5,"male"
"hormones1","hormones",5,"male"
"short1","short",5,"male"
"relations","relations",5,"male"
"biologically","biologically",5,"male"
"catalytic1","catalytic",5,"male"
"molecule","molecule",5,"male"
"structural","structural",5,"male"
"disease","disease",5,"male"
"nervous","nervous",5,"male"
"infectious","infectious",5,"male"
"functional","functional",5,"male"
"types","types",5,"male"
"immunological","immunological",5,"male"
"significance","significance",5,"male"
"inhibition","inhibition",5,"male"
"visual","visual",5,"male"
"organ","organ",5,"male"
"signal","signal",5,"male"
"transduction","transduction",5,"male"
"early1","early",5,"male"
"arbitration","arbitration",5,"male"
"ideas","ideas",5,"male"
"south","south",5,"male"
"league","league",5,"male"
"disarmament1","disarmament",5,"male"
"thought","thought",5,"male"
"nonviolent1","nonviolent",5,"male"
"style","style",5,"male"
"imagination1","imagination",5,"male"
"truth","truth",5,"male"
"wide","wide",5,"male"
"literary","literary",5,"male"
"achievement","achievement",5,"male"
"dynamic","dynamic",5,"male"
"general1","general",5,"male"
"institutional","institutional",5,"male"
"financial","financial",5,"male"
"economics","economics",5,"male"
"change","change",5,"male"
"asymmetric","asymmetric",5,"male"
"experiments","experiments",5,"male"
"gene","gene",5,"male"
"groundbreaking","groundbreaking",5,"male"
"named","named",4,"male"
"governing","governing",4,"male"
"regulators","regulators",4,"male"
"crystals","crystals",4,"male"
"xrays","xrays",4,"male"
"crystal","crystal",4,"male"
"investigation","investigation",4,"male"
"charged","charged",4,"male"
"condensation","condensation",4,"male"
"neutron","neutron",4,"male"
"neutrons","neutrons",4,"male"
"pressure","pressure",4,"male"
"chamber","chamber",4,"male"
"forces","forces",4,"male"
"microscope","microscope",4,"male"
"nucleus","nucleus",4,"male"
"respectively","respectively",4,"male"
"tunneling","tunneling",4,"male"
"heavy","heavy",4,"male"
"microwave","microwave",4,"male"
"highresolution","highresolution",4,"male"
"transitions","transitions",4,"male"
"physical","physical",4,"male"
"universe","universe",4,"male"
"first","first",4,"male"
"can","can",4,"male"
"order","order",4,"male"
"study1","study",4,"male"
"dynamics","dynamics",4,"male"
"solutions","solutions",4,"male"
"equilibria","equilibria",4,"male"
"become","become",4,"male"
"modern","modern",4,"male"
"vitamins","vitamins",4,"male"
"surface","surface",4,"male"
"elucidation","elucidation",4,"male"
"hormone","hormone",4,"male"
"pulses1","pulses",4,"male"
"independently","independently",4,"male"
"macromolecules","macromolecules",4,"male"
"threedimensional","threedimensional",4,"male"
"laid","laid",4,"male"
"eye","eye",4,"male"
"oxygen","oxygen",4,"male"
"value","value",4,"male"
"functions","functions",4,"male"
"special","special",4,"male"
"single","single",4,"male"
"part","part",4,"male"
"cycle","cycle",4,"male"
"ability","ability",4,"male"
"cultures","cultures",4,"male"
"changes","changes",4,"male"
"heart","heart",4,"male"
"genes","genes",4,"male"
"central","central",4,"male"
"cholesterol","cholesterol",4,"male"
"cancer","cancer",4,"male"
"patterns","patterns",4,"male"
"brain1","brain",4,"male"
"channels","channels",4,"male"
"transport","transport",4,"male"
"humanitarian","humanitarian",4,"male"
"lifelong1","lifelong",4,"male"
"recently","recently",4,"male"
"public","public",4,"male"
"long","long",4,"male"
"america","america",4,"male"
"countries","countries",4,"male"
"united","united",4,"male"
"treaty","treaty",4,"male"
"mankind1","mankind",4,"male"
"national","national",4,"male"
"major","major",4,"male"
"apartheid","apartheid",4,"male"
"man","man",4,"male"
"green","green",4,"male"
"way","way",4,"male"
"negotiated","negotiated",4,"male"
"conditions","conditions",4,"male"
"inspiration","inspiration",4,"male"
"trade","trade",4,"male"
"historical1","historical",4,"male"
"middle1","middle",4,"male"
"find","find",4,"male"
"idealism1","idealism",4,"male"
"tribute","tribute",4,"male"
"brilliant","brilliant",4,"male"
"spanish","spanish",4,"male"
"consideration","consideration",4,"male"
"observation","observation",4,"male"
"search","search",4,"male"
"dramatic1","dramatic",4,"male"
"inspired1","inspired",4,"male"
"russian","russian",4,"male"
"novels1","novels",4,"male"
"tradition","tradition",4,"male"
"realistic","realistic",4,"male"
"condition","condition",4,"male"
"mans","mans",4,"male"
"conflicts","conflicts",4,"male"
"welfare","welfare",4,"male"
"prices","prices",4,"male"
"efficient","efficient",4,"male"
"macroeconomic","macroeconomic",4,"male"
"semiconductor","semiconductor",4,"male"
"analyzing","analyzing",4,"male"
"neutrinos","neutrinos",4,"male"
"sources","sources",4,"male"
"market","market",4,"male"
"imaging","imaging",4,"male"
"mechanistic","mechanistic",4,"male"
"sense","sense",4,"male"
"auction","auction",4,"male"
"rays","rays",3,"male"
"interference","interference",3,"male"
"liquid","liquid",3,"male"
"advancement1","advancement",3,"male"
"measurements","measurements",3,"male"
"law","law",3,"male"
"xray1","xray",3,"male"
"creation","creation",3,"male"
"productive","productive",3,"male"
"basis","basis",3,"male"
"studying","studying",3,"male"
"transistor","transistor",3,"male"
"bcstheory","bcstheory",3,"male"
"usually","usually",3,"male"
"cherenkov","cherenkov",3,"male"
"amplifiers","amplifiers",3,"male"
"construction","construction",3,"male"
"electronics","electronics",3,"male"
"maserlaser","maserlaser",3,"male"
"oscillators","oscillators",3,"male"
"consequences","consequences",3,"male"
"deepploughing","deepploughing",3,"male"
"electrodynamics","electrodynamics",3,"male"
"number","number",3,"male"
"states","states",3,"male"
"different","different",3,"male"
"solid","solid",3,"male"
"collective","collective",3,"male"
"disordered","disordered",3,"male"
"current","current",3,"male"
"electromagnetic","electromagnetic",3,"male"
"unified","unified",3,"male"
"beam","beam",3,"male"
"doublet","doublet",3,"male"
"leptons","leptons",3,"male"
"muon","muon",3,"male"
"bound","bound",3,"male"
"essential1","essential",3,"male"
"inelastic","inelastic",3,"male"
"model","model",3,"male"
"protons","protons",3,"male"
"quark","quark",3,"male"
"detection","detection",3,"male"
"superfluidity","superfluidity",3,"male"
"cool","cool",3,"male"
"excitations","excitations",3,"male"
"fluid","fluid",3,"male"
"fractionally","fractionally",3,"male"
"fermentation","fermentation",3,"male"
"greatly","greatly",3,"male"
"isotopes","isotopes",3,"male"
"constitution","constitution",3,"male"
"thermodynamics","thermodynamics",3,"male"
"arms","arms",3,"male"
"fight","fight",3,"male"
"west","west",3,"male"
"insulin","insulin",3,"male"
"disturbing","disturbing",3,"male"
"effected","effected",3,"male"
"fast","fast",3,"male"
"concept","concept",3,"male"
"conformation","conformation",3,"male"
"ribonuclease","ribonuclease",3,"male"
"activity","activity",3,"male"
"course1","course",3,"male"
"methodology","methodology",3,"male"
"selectivity","selectivity",3,"male"
"structurespecific","structurespecific",3,"male"
"photosynthetic","photosynthetic",3,"male"
"atmospheric","atmospheric",3,"male"
"decomposition","decomposition",3,"male"
"ozone","ozone",3,"male"
"fullerenes","fullerenes",3,"male"
"physiology","physiology",3,"male"
"transplantation","transplantation",3,"male"
"consumption","consumption",3,"male"
"anaemia","anaemia",3,"male"
"cases","cases",3,"male"
"liver","liver",3,"male"
"transmission","transmission",3,"male"
"highly","highly",3,"male"
"curative","curative",3,"male"
"penicillin","penicillin",3,"male"
"adrenal","adrenal",3,"male"
"cortex","cortex",3,"male"
"grow","grow",3,"male"
"poliomyelitis","poliomyelitis",3,"male"
"tissue","tissue",3,"male"
"catheterization","catheterization",3,"male"
"circulatory","circulatory",3,"male"
"pathological","pathological",3,"male"
"tolerance","tolerance",3,"male"
"within","within",3,"male"
"excitation","excitation",3,"male"
"involved","involved",3,"male"
"ionic","ionic",3,"male"
"membrane","membrane",3,"male"
"peripheral","peripheral",3,"male"
"portions","portions",3,"male"
"physiological","physiological",3,"male"
"primary","primary",3,"male"
"code","code",3,"male"
"replication","replication",3,"male"
"humoral","humoral",3,"male"
"inactivation","inactivation",3,"male"
"release","release",3,"male"
"storage","storage",3,"male"
"terminals","terminals",3,"male"
"transmitters","transmitters",3,"male"
"elicitation","elicitation",3,"male"
"tumour","tumour",3,"male"
"genetics","genetics",3,"male"
"restriction","restriction",3,"male"
"determined","determined",3,"male"
"genetically","genetically",3,"male"
"regulate","regulate",3,"male"
"prostaglandins","prostaglandins",3,"male"
"monoclonal","monoclonal",3,"male"
"growth1","growth",3,"male"
"cardiovascular","cardiovascular",3,"male"
"nitric","nitric",3,"male"
"oxide","oxide",3,"male"
"signalling","signalling",3,"male"
"conferences","conferences",3,"male"
"untiring","untiring",3,"male"
"longstanding","longstanding",3,"male"
"end1","end",3,"male"
"france","france",3,"male"
"society","society",3,"male"
"prominent","prominent",3,"male"
"internationalism","internationalism",3,"male"
"organized","organized",3,"male"
"leading","leading",3,"male"
"locarno","locarno",3,"male"
"mind","mind",3,"male"
"reality1","reality",3,"male"
"presented","presented",3,"male"
"expression","expression",3,"male"
"love","love",3,"male"
"brotherhood","brotherhood",3,"male"
"one","one",3,"male"
"dignity","dignity",3,"male"
"fire1","fire",3,"male"
"africa","africa",3,"male"
"resolve","resolve",3,"male"
"cultural","cultural",3,"male"
"gives1","gives",3,"male"
"lofty1","lofty",3,"male"
"rare","rare",3,"male"
"distinguished","distinguished",3,"male"
"freshness","freshness",3,"male"
"fresh","fresh",3,"male"
"significant","significant",3,"male"
"true","true",3,"male"
"creative","creative",3,"male"
"strength1","strength",3,"male"
"vision","vision",3,"male"
"varied","varied",3,"male"
"skill","skill",3,"male"
"ideals","ideals",3,"male"
"presentday","presentday",3,"male"
"ithe","ithe",3,"male"
"classical","classical",3,"male"
"combined","combined",3,"male"
"insight","insight",3,"male"
"psychological","psychological",3,"male"
"mastery","mastery",3,"male"
"renewed","renewed",3,"male"
"experience1","experience",3,"male"
"continents","continents",3,"male"
"deepened","deepened",3,"male"
"applied","applied",3,"male"
"fluctuations","fluctuations",3,"male"
"optimum","optimum",3,"male"
"resources","resources",3,"male"
"decisionmaking","decisionmaking",3,"male"
"games","games",3,"male"
"noncooperative","noncooperative",3,"male"
"circuit","circuit",3,"male"
"conductive","conductive",3,"male"
"key","key",3,"male"
"alkali","alkali",3,"male"
"boseeinstein","boseeinstein",3,"male"
"condensates","condensates",3,"male"
"dilute","dilute",3,"male"
"catalysed","catalysed",3,"male"
"chirally","chirally",3,"male"
"death","death",3,"male"
"programmed","programmed",3,"male"
"superfluids","superfluids",3,"male"
"receptors1","receptors",3,"male"
"asymptotic","asymptotic",3,"male"
"strong","strong",3,"male"
"degradation","degradation",3,"male"
"ubiquitinmediated","ubiquitinmediated",3,"male"
"metathesis","metathesis",3,"male"
"introducing","introducing",3,"male"
"mice","mice",3,"male"
"modifications","modifications",3,"male"
"specific","specific",3,"male"
"stem","stem",3,"male"
"broken","broken",3,"male"
"subatomic","subatomic",3,"male"
"three","three",3,"male"
"fluorescent","fluorescent",3,"male"
"gfp","gfp",3,"male"
"couplings","couplings",3,"male"
"cross","cross",3,"male"
"palladiumcatalyzed","palladiumcatalyzed",3,"male"
"frictions","frictions",3,"male"
"accelerating","accelerating",3,"male"
"distant","distant",3,"male"
"expansion","expansion",3,"male"
"supernovae","supernovae",3,"male"
"machinery","machinery",3,"male"
"traffic","traffic",3,"male"
"vesicle","vesicle",3,"male"
"multiscale","multiscale",3,"male"
"asset","asset",3,"male"
"blue","blue",3,"male"
"bright","bright",3,"male"
"diodes","diodes",3,"male"
"enabled","enabled",3,"male"
"energysaving","energysaving",3,"male"
"lightemitting","lightemitting",3,"male"
"white","white",3,"male"
"fluorescence","fluorescence",3,"male"
"superresolved","superresolved",3,"male"
"dna","dna",3,"male"
"repair","repair",3,"male"
"poverty1","poverty",3,"male"
"phases","phases",3,"male"
"machines","machines",3,"male"
"circadian","circadian",3,"male"
"controlling","controlling",3,"male"
"rhythm","rhythm",3,"male"
"detector","detector",3,"male"
"gravitational","gravitational",3,"male"
"ligo","ligo",3,"male"
"waves","waves",3,"male"
"biomolecules","biomolecules",3,"male"
"cryoelectron","cryoelectron",3,"male"
"adapt","adapt",3,"male"
"availability","availability",3,"male"
"batteries","batteries",3,"male"
"lithiumion","lithiumion",3,"male"
"hepatitis","hepatitis",3,"male"
"remarkable1","remarkable",2,"male"
"magnetism","magnetism",2,"male"
"spontaneous","spontaneous",2,"male"
"discovered1","discovered",2,"male"
"electricity","electricity",2,"male"
"merits","merits",2,"male"
"carried","carried",2,"male"
"phenomenon","phenomenon",2,"male"
"telegraphy","telegraphy",2,"male"
"wireless","wireless",2,"male"
"state","state",2,"male"
"heat","heat",2,"male"
"illuminating","illuminating",2,"male"
"low","low",2,"male"
"temperatures","temperatures",2,"male"
"characteristic","characteristic",2,"male"
"electric","electric",2,"male"
"photoelectric","photoelectric",2,"male"
"atom","atom",2,"male"
"impact","impact",2,"male"
"making","making",2,"male"
"paths","paths",2,"male"
"mechanics","mechanics",2,"male"
"irradiation","irradiation",2,"male"
"regard","regard",2,"male"
"moment","moment",2,"male"
"also","also",2,"male"
"apparatus","apparatus",2,"male"
"mesons","mesons",2,"male"
"accelerated","accelerated",2,"male"
"artificially","artificially",2,"male"
"transmutation","transmutation",2,"male"
"contrast","contrast",2,"male"
"parity","parity",2,"male"
"antiproton","antiproton",2,"male"
"bubble","bubble",2,"male"
"name1","name",2,"male"
"condensed","condensed",2,"male"
"stars","stars",2,"male"
"possible","possible",2,"male"
"using","using",2,"male"
"applications","applications",2,"male"
"fruitful","fruitful",2,"male"
"aperture","aperture",2,"male"
"hewish","hewish",2,"male"
"pulsars","pulsars",2,"male"
"radio","radio",2,"male"
"ryle","ryle",2,"male"
"kind","kind",2,"male"
"area","area",2,"male"
"decay","decay",2,"male"
"kmesons","kmesons",2,"male"
"violations","violations",2,"male"
"critical","critical",2,"male"
"communicators","communicators",2,"male"
"project","project",2,"male"
"scanning","scanning",2,"male"
"break","break",2,"male"
"ceramic","ceramic",2,"male"
"materials","materials",2,"male"
"gravitation","gravitation",2,"male"
"possibilities","possibilities",2,"male"
"pulsar","pulsar",2,"male"
"type","type",2,"male"
"electroweak","electroweak",2,"male"
"elucidating","elucidating",2,"male"
"industry","industry",2,"male"
"catalysis","catalysis",2,"male"
"advanced","advanced",2,"male"
"progress","progress",2,"male"
"recent","recent",2,"male"
"years","years",2,"male"
"presence","presence",2,"male"
"whereby","whereby",2,"male"
"chlorophyll","chlorophyll",2,"male"
"plant","plant",2,"male"
"colloid","colloid",2,"male"
"fermentative","fermentative",2,"male"
"haemin","haemin",2,"male"
"carbohydrates","carbohydrates",2,"male"
"carotenoids","carotenoids",2,"male"
"preparation","preparation",2,"male"
"pure","pure",2,"male"
"serum","serum",2,"male"
"diene","diene",2,"male"
"transuranium","transuranium",2,"male"
"chromatography","chromatography",2,"male"
"partition","partition",2,"male"
"nucleotides","nucleotides",2,"male"
"base","base",2,"male"
"sequences","sequences",2,"male"
"age","age",2,"male"
"carbon","carbon",2,"male"
"globular","globular",2,"male"
"technology","technology",2,"male"
"free","free",2,"male"
"organometallic","organometallic",2,"male"
"performed","performed",2,"male"
"sandwich","sandwich",2,"male"
"stereochemistry","stereochemistry",2,"male"
"boron","boron",2,"male"
"phosphoruscontaining","phosphoruscontaining",2,"male"
"reagents","reagents",2,"male"
"complexes","complexes",2,"male"
"direct","direct",2,"male"
"establishment","establishment",2,"male"
"adenosine","adenosine",2,"male"
"atp","atp",2,"male"
"enzymatic","enzymatic",2,"male"
"triphosphate","triphosphate",2,"male"
"underlying","underlying",2,"male"
"domain","domain",2,"male"
"medical","medical",2,"male"
"weapon1","weapon",2,"male"
"malaria1","malaria",2,"male"
"aspects","aspects",2,"male"
"transformed","transformed",2,"male"
"tuberculosis","tuberculosis",2,"male"
"causing","causing",2,"male"
"pathology","pathology",2,"male"
"blood","blood",2,"male"
"organs","organs",2,"male"
"vascular","vascular",2,"male"
"muscle","muscle",2,"male"
"relationship","relationship",2,"male"
"therapeutic","therapeutic",2,"male"
"mode","mode",2,"male"
"neurons","neurons",2,"male"
"impulses","impulses",2,"male"
"reference","reference",2,"male"
"differentiated","differentiated",2,"male"
"fibres","fibres",2,"male"
"several","several",2,"male"
"activities","activities",2,"male"
"certain","certain",2,"male"
"effective","effective",2,"male"
"oxidation","oxidation",2,"male"
"act","act",2,"male"
"definite","definite",2,"male"
"events","events",2,"male"
"deoxyribonucleic","deoxyribonucleic",2,"male"
"ribonucleic","ribonucleic",2,"male"
"acquired","acquired",2,"male"
"fatty","fatty",2,"male"
"dissemination","dissemination",2,"male"
"peptide1","peptide",2,"male"
"assisted","assisted",2,"male"
"computer","computer",2,"male"
"tomography","tomography",2,"male"
"processing","processing",2,"male"
"diversity","diversity",2,"male"
"drug1","drug",2,"male"
"cellular","cellular",2,"male"
"oncogenes","oncogenes",2,"male"
"retroviral","retroviral",2,"male"
"phosphorylation","phosphorylation",2,"male"
"regulatory","regulatory",2,"male"
"reversible","reversible",2,"male"
"split","split",2,"male"
"gproteins","gproteins",2,"male"
"defence","defence",2,"male"
"mediated","mediated",2,"male"
"help1","help",2,"male"
"diplomacy","diplomacy",2,"male"
"union","union",2,"male"
"devoted","devoted",2,"male"
"private","private",2,"male"
"hague","hague",2,"male"
"outcome","outcome",2,"male"
"authors","authors",2,"male"
"leaders","leaders",2,"male"
"orators","orators",2,"male"
"politicians","politicians",2,"male"
"movement1","movement",2,"male"
"position","position",2,"male"
"droit","droit",2,"male"
"better","better",2,"male"
"north","north",2,"male"
"justice1","justice",2,"male"
"refugees","refugees",2,"male"
"plan","plan",2,"male"
"emergence","emergence",2,"male"
"favours","favours",2,"male"
"germany","germany",2,"male"
"opinion","opinion",2,"male"
"pact","pact",2,"male"
"helping","helping",2,"male"
"nation1","nation",2,"male"
"whole1","whole",2,"male"
"exposed","exposed",2,"male"
"tireless","tireless",2,"male"
"boundaries1","boundaries",2,"male"
"military","military",2,"male"
"men","men",2,"male"
"expressed","expressed",2,"male"
"civil","civil",2,"male"
"ensure","ensure",2,"male"
"given","given",2,"male"
"cease","cease",2,"male"
"vietnam","vietnam",2,"male"
"egypt","egypt",2,"male"
"israel","israel",2,"male"
"latin1","latin",2,"male"
"democratic","democratic",2,"male"
"laying","laying",2,"male"
"regime","regime",2,"male"
"termination","termination",2,"male"
"just","just",2,"male"
"timor","timor",2,"male"
"towards","towards",2,"male"
"ireland1","ireland",2,"male"
"northern1","northern",2,"male"
"combination","combination",2,"male"
"qualities","qualities",2,"male"
"monumental","monumental",2,"male"
"always","always",2,"male"
"purity","purity",2,"male"
"native1","native",2,"male"
"originality","originality",2,"male"
"reflects","reflects",2,"male"
"manner","manner",2,"male"
"numerous","numerous",2,"male"
"original","original",2,"male"
"writer","writer",2,"male"
"characterize1","characterize",2,"male"
"author","author",2,"male"
"narration","narration",2,"male"
"range","range",2,"male"
"artistry","artistry",2,"male"
"consummate","consummate",2,"male"
"demonstrated","demonstrated",2,"male"
"stories","stories",2,"male"
"appreciation1","appreciation",2,"male"
"wealth","wealth",2,"male"
"profoundly","profoundly",2,"male"
"sensitive","sensitive",2,"male"
"sympathy1","sympathy",2,"male"
"characterized1","characterized",2,"male"
"beauty1","beauty",2,"male"
"humanity1","humanity",2,"male"
"marked","marked",2,"male"
"description","description",2,"male"
"humour","humour",2,"male"
"prose1","prose",2,"male"
"bold","bold",2,"male"
"depicted","depicted",2,"male"
"well","well",2,"male"
"intellectual","intellectual",2,"male"
"artistically","artistically",2,"male"
"keen","keen",2,"male"
"american1","american",2,"male"
"intensity","intensity",2,"male"
"values","values",2,"male"
"exerted","exerted",2,"male"
"vivid1","vivid",2,"male"
"illuminates","illuminates",2,"male"
"times","times",2,"male"
"expresses","expresses",2,"male"
"destinies","destinies",2,"male"
"culture","culture",2,"male"
"quest","quest",2,"male"
"integrity","integrity",2,"male"
"peoples1","peoples",2,"male"
"ethical","ethical",2,"male"
"brings","brings",2,"male"
"broad","broad",2,"male"
"contributed","contributed",2,"male"
"perspective","perspective",2,"male"
"renewal","renewal",2,"male"
"ages1","ages",2,"male"
"cosmos","cosmos",2,"male"
"outlook","outlook",2,"male"
"impassioned","impassioned",2,"male"
"universal1","universal",2,"male"
"clearsightedness","clearsightedness",2,"male"
"creativeness","creativeness",2,"male"
"sensuous","sensuous",2,"male"
"myth","myth",2,"male"
"today","today",2,"male"
"now","now",2,"male"
"compassion","compassion",2,"male"
"sustained","sustained",2,"male"
"everyday","everyday",2,"male"
"black","black",2,"male"
"process","process",2,"male"
"interdependence","interdependence",2,"male"
"money","money",2,"male"
"allocation","allocation",2,"male"
"monetary","monetary",2,"male"
"capital","capital",2,"male"
"movements","movements",2,"male"
"pathbreaking","pathbreaking",2,"male"
"functioning","functioning",2,"male"
"clarification","clarification",2,"male"
"applying","applying",2,"male"
"explain","explain",2,"male"
"quantitative","quantitative",2,"male"
"incentives","incentives",2,"male"
"derivatives","derivatives",2,"male"
"determine","determine",2,"male"
"democracy1","democracy",2,"male"
"korea","korea",2,"male"
"heterostructures","heterostructures",2,"male"
"highspeed","highspeed",2,"male"
"optoelectronics","optoelectronics",2,"male"
"integrated","integrated",2,"male"
"ingenuity","ingenuity",2,"male"
"insights","insights",2,"male"
"linguistic1","linguistic",2,"male"
"hydrogenation","hydrogenation",2,"male"
"desorption","desorption",2,"male"
"ionisation","ionisation",2,"male"
"soft","soft",2,"male"
"spectrometric","spectrometric",2,"male"
"decades","decades",2,"male"
"series","series",2,"male"
"behind","behind",2,"male"
"business","business",2,"male"
"consistency","consistency",2,"male"
"cycles","cycles",2,"male"
"driving","driving",2,"male"
"macroeconomics","macroeconomics",2,"male"
"bacterium","bacterium",2,"male"
"gastritis","gastritis",2,"male"
"helicobacter","helicobacter",2,"male"
"peptic","peptic",2,"male"
"pylori","pylori",2,"male"
"ulcer","ulcer",2,"male"
"comb","comb",2,"male"
"frequency","frequency",2,"male"
"laserbased","laserbased",2,"male"
"purposes","purposes",2,"male"
"enhanced","enhanced",2,"male"
"gametheory","gametheory",2,"male"
"doublestranded","doublestranded",2,"male"
"silencing","silencing",2,"male"
"anisotropy","anisotropy",2,"male"
"blackbody","blackbody",2,"male"
"giant","giant",2,"male"
"magnetoresistance","magnetoresistance",2,"male"
"climate","climate",2,"male"
"families","families",2,"male"
"least","least",2,"male"
"predicts","predicts",2,"male"
"quarks","quarks",2,"male"
"ccd","ccd",2,"male"
"sensor","sensor",2,"male"
"ribosome1","ribosome",2,"male"
"graphene","graphene",2,"male"
"twodimensional","twodimensional",2,"male"
"images","images",2,"male"
"activation","activation",2,"male"
"innate","innate",2,"male"
"macroeconomy","macroeconomy",2,"male"
"mature","mature",2,"male"
"pluripotent","pluripotent",2,"male"
"reprogrammed","reprogrammed",2,"male"
"enable","enable",2,"male"
"manipulation","manipulation",2,"male"
"measuring","measuring",2,"male"
"gproteincoupled","gproteincoupled",2,"male"
"allocations","allocations",2,"male"
"practice","practice",2,"male"
"stable","stable",2,"male"
"atlas","atlas",2,"male"
"cerns","cerns",2,"male"
"cms","cms",2,"male"
"collider","collider",2,"male"
"confirmed","confirmed",2,"male"
"contributes","contributes",2,"male"
"hadron","hadron",2,"male"
"predicted","predicted",2,"male"
"constitute1","constitute",2,"male"
"positioning1","positioning",2,"male"
"uncovered","uncovered",2,"male"
"children1","children",2,"male"
"caused","caused",2,"male"
"infections","infections",2,"male"
"parasites","parasites",2,"male"
"roundworm","roundworm",2,"male"
"oscillations","oscillations",2,"male"
"shows","shows",2,"male"
"contract","contract",2,"male"
"negative","negative",2,"male"
"display","display",2,"male"
"peptides","peptides",2,"male"
"phage","phage",2,"male"
"integrating","integrating",2,"male"
"longrun","longrun",2,"male"
"exoplanet","exoplanet",2,"male"
"orbiting","orbiting",2,"male"
"solartype","solartype",2,"male"
"star","star",2,"male"
"alleviating1","alleviating",2,"male"
"approach1","approach",2,"male"
"global1","global",2,"male"
"formats","formats",2,"male"
"improvements","improvements",2,"male"
"subsequently","subsequently",1,"male"
"radioactivity","radioactivity",1,"male"
"becquerel1","becquerel",1,"male"
"henri1","henri",1,"male"
"joint1","joint",1,"male"
"professor1","professor",1,"male"
"argon","argon",1,"male"
"densities","densities",1,"male"
"cathode","cathode",1,"male"
"conduction","conduction",1,"male"
"aid","aid",1,"male"
"instruments","instruments",1,"male"
"metrological","metrological",1,"male"
"spectroscopic","spectroscopic",1,"male"
"colours","colours",1,"male"
"photographically","photographically",1,"male"
"reproducing","reproducing",1,"male"
"equation","equation",1,"male"
"liquids","liquids",1,"male"
"accumulators","accumulators",1,"male"
"automatic","automatic",1,"male"
"buoys","buoys",1,"male"
"conjunction","conjunction",1,"male"
"gas","gas",1,"male"
"lighthouses","lighthouses",1,"male"
"roumlntgen","roumlntgen",1,"male"
"quanta","quanta",1,"male"
"canal","canal",1,"male"
"doppler","doppler",1,"male"
"lines","lines",1,"male"
"spectral","spectral",1,"male"
"splitting","splitting",1,"male"
"alloys","alloys",1,"male"
"anomalies","anomalies",1,"male"
"nickel","nickel",1,"male"
"steel","steel",1,"male"
"emanating","emanating",1,"male"
"charge","charge",1,"male"
"discontinuous","discontinuous",1,"male"
"sedimentation","sedimentation",1,"male"
"electrically","electrically",1,"male"
"vapour","vapour",1,"male"
"visible","visible",1,"male"
"thermionic","thermionic",1,"male"
"wave","wave",1,"male"
"allotropic","allotropic",1,"male"
"positron","positron",1,"male"
"brought","brought",1,"male"
"demonstrations","demonstrations",1,"male"
"produced","produced",1,"male"
"slow","slow",1,"male"
"artificial","artificial",1,"male"
"cyclotron","cyclotron",1,"male"
"obtained","obtained",1,"male"
"results","results",1,"male"
"proton","proton",1,"male"
"ray","ray",1,"male"
"recording","recording",1,"male"
"exclusion","exclusion",1,"male"
"pauli","pauli",1,"male"
"pressures","pressures",1,"male"
"produce","produce",1,"male"
"appleton","appleton",1,"male"
"atmosphere","atmosphere",1,"male"
"layer","layer",1,"male"
"upper","upper",1,"male"
"cloud","cloud",1,"male"
"wilson","wilson",1,"male"
"photographic","photographic",1,"male"
"statistical","statistical",1,"male"
"wavefunction","wavefunction",1,"male"
"coincidence","coincidence",1,"male"
"fine","fine",1,"male"
"spectrum","spectrum",1,"male"
"achieved","achieved",1,"male"
"nucleons","nucleons",1,"male"
"absorption","absorption",1,"male"
"bears","bears",1,"male"
"gamma","gamma",1,"male"
"shell1","shell",1,"male"
"hertzian","hertzian",1,"male"
"resonances","resonances",1,"male"
"data","data",1,"male"
"classification","classification",1,"male"
"magnetohydrodynamics","magnetohydrodynamics",1,"male"
"parts","parts",1,"male"
"plasma","plasma",1,"male"
"antiferromagnetism","antiferromagnetism",1,"male"
"ferrimagnetism","ferrimagnetism",1,"male"
"holographic","holographic",1,"male"
"barrier","barrier",1,"male"
"generally","generally",1,"male"
"josephson","josephson",1,"male"
"known","known",1,"male"
"predictions","predictions",1,"male"
"supercurrent","supercurrent",1,"male"
"tunnel","tunnel",1,"male"
"basic","basic",1,"male"
"lowtemperature","lowtemperature",1,"male"
"evolution1","evolution",1,"male"
"hall","hall",1,"male"
"quantized","quantized",1,"male"
"optics","optics",1,"male"
"clocks","clocks",1,"male"
"maser","maser",1,"male"
"oscillatory","oscillatory",1,"male"
"separated","separated",1,"male"
"discovering","discovering",1,"male"
"generalized","generalized",1,"male"
"simple","simple",1,"male"
"detectors","detectors",1,"male"
"multiwire","multiwire",1,"male"
"proportional","proportional",1,"male"
"lepton","lepton",1,"male"
"tau","tau",1,"male"
"osmotic","osmotic",1,"male"
"purine","purine",1,"male"
"syntheses","syntheses",1,"male"
"dissociation","dissociation",1,"male"
"electrolytic","electrolytic",1,"male"
"air","air",1,"male"
"gaseous","gaseous",1,"male"
"inert","inert",1,"male"
"periodic","periodic",1,"male"
"place","place",1,"male"
"dyes","dyes",1,"male"
"hydroaromatic","hydroaromatic",1,"male"
"adoption","adoption",1,"male"
"element1","element",1,"male"
"fluorine","fluorine",1,"male"
"furnace","furnace",1,"male"
"isolation1","isolation",1,"male"
"biochemical1","biochemical",1,"male"
"cellfree","cellfree",1,"male"
"disintegration","disintegration",1,"male"
"rates","rates",1,"male"
"alicyclic","alicyclic",1,"male"
"grignard","grignard",1,"male"
"reagent","reagent",1,"male"
"disintegrated","disintegrated",1,"male"
"finely","finely",1,"male"
"hydrogenating","hydrogenating",1,"male"
"metals","metals",1,"male"
"earlier","earlier",1,"male"
"inorganic","inorganic",1,"male"
"linkage","linkage",1,"male"
"thrown","thrown",1,"male"
"accurate","accurate",1,"male"
"determinations1","determinations",1,"male"
"weight","weight",1,"male"
"pigments","pigments",1,"male"
"ammonia","ammonia",1,"male"
"thermochemistry","thermochemistry",1,"male"
"enunciation","enunciation",1,"male"
"nonradioactive","nonradioactive",1,"male"
"rule","rule",1,"male"
"spectrograph","spectrograph",1,"male"
"wholenumber","wholenumber",1,"male"
"microanalysis","microanalysis",1,"male"
"heterogenous","heterogenous",1,"male"
"since","since",1,"male"
"disperse","disperse",1,"male"
"bile","bile",1,"male"
"sterols","sterols",1,"male"
"dipole","dipole",1,"male"
"moments","moments",1,"male"
"flavins","flavins",1,"male"
"sex","sex",1,"male"
"higher","higher",1,"male"
"polymethylenes","polymethylenes",1,"male"
"terpenes","terpenes",1,"male"
"tracers","tracers",1,"male"
"fission","fission",1,"male"
"agricultural","agricultural",1,"male"
"fodder","fodder",1,"male"
"nutrition","nutrition",1,"male"
"preservation","preservation",1,"male"
"crystallized","crystallized",1,"male"
"alkaloids","alkaloids",1,"male"
"products","products",1,"male"
"adsorption","adsorption",1,"male"
"electrophoresis","electrophoresis",1,"male"
"macromolecular","macromolecular",1,"male"
"race","race",1,"male"
"bond","bond",1,"male"
"biochemically","biochemically",1,"male"
"polypeptide","polypeptide",1,"male"
"sulphur","sulphur",1,"male"
"coenzymes","coenzymes",1,"male"
"nucleotide","nucleotide",1,"male"
"polarographic","polarographic",1,"male"
"archaeology","archaeology",1,"male"
"branches","branches",1,"male"
"geology","geology",1,"male"
"geophysics","geophysics",1,"male"
"assimilation","assimilation",1,"male"
"dioxide","dioxide",1,"male"
"plants","plants",1,"male"
"bonds","bonds",1,"male"
"orbital","orbital",1,"male"
"bearing","bearing",1,"male"
"irreversible","irreversible",1,"male"
"reciprocal","reciprocal",1,"male"
"biosynthesis","biosynthesis",1,"male"
"geometry","geometry",1,"male"
"radicals","radicals",1,"male"
"amino","amino",1,"male"
"sequence","sequence",1,"male"
"enzymecatalyzed","enzymecatalyzed",1,"male"
"bonding","bonding",1,"male"
"boranes","boranes",1,"male"
"dissipative","dissipative",1,"male"
"nonequilibrium","nonequilibrium",1,"male"
"chemiosmotic","chemiosmotic",1,"male"
"formulation","formulation",1,"male"
"biochemistry","biochemistry",1,"male"
"recombinantdna","recombinantdna",1,"male"
"acidprotein","acidprotein",1,"male"
"crystallographic","crystallographic",1,"male"
"metal","metal",1,"male"
"matrix","matrix",1,"male"
"nmr","nmr",1,"male"
"resolution","resolution",1,"male"
"chain","chain",1,"male"
"pcr","pcr",1,"male"
"polymerase","polymerase",1,"male"
"mutagenesis","mutagenesis",1,"male"
"oligonucleotidebased","oligonucleotidebased",1,"male"
"sitedirected","sitedirected",1,"male"
"carbocation","carbocation",1,"male"
"atpase","atpase",1,"male"
"iontransporting","iontransporting",1,"male"
"densityfunctional","densityfunctional",1,"male"
"computational","computational",1,"male"
"femtosecond","femtosecond",1,"male"
"transition","transition",1,"male"
"deaths","deaths",1,"male"
"diphtheria","diphtheria",1,"male"
"hands","hands",1,"male"
"illness","illness",1,"male"
"physician","physician",1,"male"
"placed","placed",1,"male"
"road","road",1,"male"
"victorious","victorious",1,"male"
"combating","combating",1,"male"
"enters","enters",1,"male"
"foundation","foundation",1,"male"
"organism","organism",1,"male"
"shown","shown",1,"male"
"successful","successful",1,"male"
"avenue","avenue",1,"male"
"concentrated","concentrated",1,"male"
"lupus","lupus",1,"male"
"vulgaris","vulgaris",1,"male"
"digestion","digestion",1,"male"
"enlarged","enlarged",1,"male"
"subject","subject",1,"male"
"vital","vital",1,"male"
"relation","relation",1,"male"
"protozoa","protozoa",1,"male"
"gland","gland",1,"male"
"surgery","surgery",1,"male"
"thyroid","thyroid",1,"male"
"dioptrics","dioptrics",1,"male"
"suture","suture",1,"male"
"vessels","vessels",1,"male"
"anaphylaxis","anaphylaxis",1,"male"
"vestibular","vestibular",1,"male"
"capillary","capillary",1,"male"
"motor","motor",1,"male"
"fixed","fixed",1,"male"
"lactic","lactic",1,"male"
"electrocardiogram","electrocardiogram",1,"male"
"carcinoma","carcinoma",1,"male"
"spiroptera","spiroptera",1,"male"
"dementia","dementia",1,"male"
"inoculation","inoculation",1,"male"
"paralytica","paralytica",1,"male"
"typhus","typhus",1,"male"
"antineuritic","antineuritic",1,"male"
"growthstimulating","growthstimulating",1,"male"
"groups","groups",1,"male"
"respiratory","respiratory",1,"male"
"chromosome","chromosome",1,"male"
"heredity","heredity",1,"male"
"organizer","organizer",1,"male"
"combustion","combustion",1,"male"
"fumaric","fumaric",1,"male"
"aortic","aortic",1,"male"
"respiration","respiration",1,"male"
"sinus","sinus",1,"male"
"antibacterial","antibacterial",1,"male"
"prontosil","prontosil",1,"male"
"mutations","mutations",1,"male"
"conversion1","conversion",1,"male"
"glycogen1","glycogen",1,"male"
"anterior","anterior",1,"male"
"lobe","lobe",1,"male"
"pituitary","pituitary",1,"male"
"arthropods","arthropods",1,"male"
"contact","contact",1,"male"
"ddt","ddt",1,"male"
"efficiency","efficiency",1,"male"
"poison","poison",1,"male"
"coordinator","coordinator",1,"male"
"interbrain","interbrain",1,"male"
"internal","internal",1,"male"
"leucotomy","leucotomy",1,"male"
"psychoses","psychoses",1,"male"
"combat","combat",1,"male"
"fever","fever",1,"male"
"yellow","yellow",1,"male"
"antibiotic","antibiotic",1,"male"
"streptomycin","streptomycin",1,"male"
"citric","citric",1,"male"
"coenzyme","coenzyme",1,"male"
"intermediary","intermediary",1,"male"
"body","body",1,"male"
"inhibit","inhibit",1,"male"
"muscles","muscles",1,"male"
"skeletal","skeletal",1,"male"
"synthetic","synthetic",1,"male"
"bacteria","bacteria",1,"male"
"recombination","recombination",1,"male"
"cochlea","cochlea",1,"male"
"stimulation","stimulation",1,"male"
"tumourinducing","tumourinducing",1,"male"
"hormonal","hormonal",1,"male"
"prostatic","prostatic",1,"male"
"cerebral","cerebral",1,"male"
"hemispheres","hemispheres",1,"male"
"specialization","specialization",1,"male"
"factors1","factors",1,"male"
"antibody","antibody",1,"male"
"generation","generation",1,"male"
"infection","infection",1,"male"
"prions","prions",1,"male"
"govern","govern",1,"male"
"intrinsic","intrinsic",1,"male"
"localization","localization",1,"male"
"signals","signals",1,"male"
"soldiers","soldiers",1,"male"
"wounded","wounded",1,"male"
"bern","bern",1,"male"
"bureau","bureau",1,"male"
"directorship","directorship",1,"male"
"skilful","skilful",1,"male"
"administration","administration",1,"male"
"eminently","eminently",1,"male"
"interparliamentary","interparliamentary",1,"male"
"practical","practical",1,"male"
"favour","favour",1,"male"
"bloody","bloody",1,"male"
"japan","japan",1,"male"
"powers","powers",1,"male"
"russia","russia",1,"male"
"two","two",1,"male"
"waged","waged",1,"male"
"worlds","worlds",1,"male"
"italy","italy",1,"male"
"meetings","meetings",1,"male"
"press","press",1,"male"
"conduct","conduct",1,"male"
"geneva","geneva",1,"male"
"cofounder","cofounder",1,"male"
"conf<e3><U+00A9>rences","conf<e3><U+00A9>rences",1,"male"
"initiator","initiator",1,"male"
"institut","institut",1,"male"
"legal","legal",1,"male"
"priv<e3><U+00A9>","priv<e3><U+00A9>",1,"male"
"anarchy","anarchy",1,"male"
"considers","considers",1,"male"
"expose","expose",1,"male"
"main","main",1,"male"
"namely","namely",1,"male"
"agreements","agreements",1,"male"
"initiating","initiating",1,"male"
"unparalleled","unparalleled",1,"male"
"founder","founder",1,"male"
"commissioner","commissioner",1,"male"
"prisoners","prisoners",1,"male"
"relief","relief",1,"male"
"repatriation","repatriation",1,"male"
"dawes","dawes",1,"male"
"briandkellogg","briandkellogg",1,"male"
"attitude","attitude",1,"male"
"christian","christian",1,"male"
"necessary","necessary",1,"male"
"promoting","promoting",1,"male"
"unity","unity",1,"male"
"assiduous1","assiduous",1,"male"
"ideal1","ideal",1,"male"
"rekindle1","rekindle",1,"male"
"revive1","revive",1,"male"
"convincing","convincing",1,"male"
"illusion","illusion",1,"male"
"pen","pen",1,"male"
"plea","plea",1,"male"
"chairman","chairman",1,"male"
"conference","conference",1,"male"
"courageous1","courageous",1,"male"
"burning","burning",1,"male"
"valuable","valuable",1,"male"
"antiwar","antiwar",1,"male"
"argentine","argentine",1,"male"
"bolivia","bolivia",1,"male"
"father","father",1,"male"
"mediate","mediate",1,"male"
"paraguay","paraguay",1,"male"
"support","support",1,"male"
"establishing","establishing",1,"male"
"indefatigable","indefatigable",1,"male"
"pivotal","pivotal",1,"male"
"across","across",1,"male"
"peacepromoting","peacepromoting",1,"male"
"religious","religious",1,"male"
"conquer","conquer",1,"male"
"hunger","hunger",1,"male"
"remove","remove",1,"male"
"want","want",1,"male"
"mediator","mediator",1,"male"
"palestine","palestine",1,"male"
"among","among",1,"male"
"promotion","promotion",1,"male"
"altruism","altruism",1,"male"
"helped","helped",1,"male"
"idea","idea",1,"male"
"reverence","reverence",1,"male"
"europe","europe",1,"male"
"proposing","proposing",1,"male"
"recovery","recovery",1,"male"
"supervising","supervising",1,"male"
"crisis","crisis",1,"male"
"deployment","deployment",1,"male"
"emergency","emergency",1,"male"
"suez","suez",1,"male"
"wake","wake",1,"male"
"camps","camps",1,"male"
"leave","leave",1,"male"
"return","return",1,"male"
"aims","aims",1,"male"
"capable","capable",1,"male"
"charter","charter",1,"male"
"constructive","constructive",1,"male"
"giving","giving",1,"male"
"afroamerican","afroamerican",1,"male"
"population","population",1,"male"
"declaration","declaration",1,"male"
"stipulated","stipulated",1,"male"
"hope","hope",1,"male"
"revolution","revolution",1,"male"
"wellfounded","wellfounded",1,"male"
"dialogue","dialogue",1,"male"
"meaningful","meaningful",1,"male"
"paving","paving",1,"male"
"develop","develop",1,"male"
"secure","secure",1,"male"
"throughout","throughout",1,"male"
"nonproliferation","nonproliferation",1,"male"
"pacific","pacific",1,"male"
"rim","rim",1,"male"
"signing","signing",1,"male"
"stabilize","stabilize",1,"male"
"soviet","soviet",1,"male"
"repressed","repressed",1,"male"
"source","source",1,"male"
"weaponfree1","weaponfree",1,"male"
"zones1","zones",1,"male"
"poland","poland",1,"male"
"unions","unions",1,"male"
"campaign","campaign",1,"male"
"figure","figure",1,"male"
"leader","leader",1,"male"
"problem","problem",1,"male"
"unifying","unifying",1,"male"
"atonement","atonement",1,"male"
"message","message",1,"male"
"messenger","messenger",1,"male"
"lasting","lasting",1,"male"
"advocating","advocating",1,"male"
"heritage","heritage",1,"male"
"mutual","mutual",1,"male"
"preserve","preserve",1,"male"
"respect1","respect",1,"male"
"eastwest","eastwest",1,"male"
"radical","radical",1,"male"
"diminish","diminish",1,"male"
"eliminate","eliminate",1,"male"
"longer","longer",1,"male"
"politics","politics",1,"male"
"run","run",1,"male"
"composition","composition",1,"male"
"evidence","evidence",1,"male"
"intellect","intellect",1,"male"
"perfection","perfection",1,"male"
"greatest","greatest",1,"male"
"master1","master",1,"male"
"romei","romei",1,"male"
"magnificent1","magnificent",1,"male"
"noble","noble",1,"male"
"versatile","versatile",1,"male"
"addition","addition",1,"male"
"faithfully","faithfully",1,"male"
"natural","natural",1,"male"
"philologist","philologist",1,"male"
"provenccedilal","provenccedilal",1,"male"
"scenery","scenery",1,"male"
"compositions","compositions",1,"male"
"revived","revived",1,"male"
"learning","learning",1,"male"
"masterpieces1","masterpieces",1,"male"
"creations","creations",1,"male"
"talent","talent",1,"male"
"virility","virility",1,"male"
"worldfamous","worldfamous",1,"male"
"earnest","earnest",1,"male"
"idealistic1","idealistic",1,"male"
"philosophy","philosophy",1,"male"
"presentation","presentation",1,"male"
"vindicated","vindicated",1,"male"
"warmth","warmth",1,"male"
"career","career",1,"male"
"dramatist","dramatist",1,"male"
"lyric1","lyric",1,"male"
"novelist","novelist",1,"male"
"permeated","permeated",1,"male"
"poet","poet",1,"male"
"worldrenowned","worldrenowned",1,"male"
"appeal","appeal",1,"male"
"fairy","fairy",1,"male"
"fancy","fancy",1,"male"
"feelings","feelings",1,"male"
"guise","guise",1,"male"
"imaginations","imaginations",1,"male"
"manysided","manysided",1,"male"
"mysterious","mysterious",1,"male"
"readers","readers",1,"male"
"reveals","reveals",1,"male"
"sometimes","sometimes",1,"male"
"stimulate","stimulate",1,"male"
"tale","tale",1,"male"
"primarily","primarily",1,"male"
"realm","realm",1,"male"
"beautiful","beautiful",1,"male"
"english","english",1,"male"
"verse","verse",1,"male"
"words1","words",1,"male"
"beings","beings",1,"male"
"described","described",1,"male"
"era","era",1,"male"
"representative","representative",1,"male"
"authentic","authentic",1,"male"
"denmark","denmark",1,"male"
"descriptions1","descriptions",1,"male"
"iolympian","iolympian",1,"male"
"springi","springi",1,"male"
"igrowth","igrowth",1,"male"
"soili","soili",1,"male"
"gallic","gallic",1,"male"
"grace","grace",1,"male"
"nobility","nobility",1,"male"
"profound","profound",1,"male"
"temperament","temperament",1,"male"
"continued","continued",1,"male"
"happy","happy",1,"male"
"illustrious","illustrious",1,"male"
"peasantsi","peasantsi",1,"male"
"infused","infused",1,"male"
"often","often",1,"male"
"satire","satire",1,"male"
"singular","singular",1,"male"
"stimulating","stimulating",1,"male"
"vitalizing","vitalizing",1,"male"
"classic","classic",1,"male"
"ibuddenbrooksi","ibuddenbrooksi",1,"male"
"increased","increased",1,"male"
"principally1","principally",1,"male"
"steadily","steadily",1,"male"
"won","won",1,"male"
"characters","characters",1,"male"
"graphic","graphic",1,"male"
"vigorous","vigorous",1,"male"
"wit","wit",1,"male"
"axel","axel",1,"male"
"erik","erik",1,"male"
"karlfeldt","karlfeldt",1,"male"
"the","the",1,"male"
"forsyte","forsyte",1,"male"
"highest","highest",1,"male"
"sagai","sagai",1,"male"
"takes","takes",1,"male"
"strict","strict",1,"male"
"ingenious","ingenious",1,"male"
"revival","revival",1,"male"
"scenic","scenic",1,"male"
"deepfelt","deepfelt",1,"male"
"embody","embody",1,"male"
"emotions1","emotions",1,"male"
"honesty","honesty",1,"male"
"tragedy","tragedy",1,"male"
"iles","iles",1,"male"
"novelcycle","novelcycle",1,"male"
"thibaulti","thibaulti",1,"male"
"countrys","countrys",1,"male"
"exquisite","exquisite",1,"male"
"peasantry","peasantry",1,"male"
"portrayed","portrayed",1,"male"
"curiosity","curiosity",1,"male"
"fertility","fertility",1,"male"
"freshly","freshly",1,"male"
"scope","scope",1,"male"
"boldness","boldness",1,"male"
"exemplify","exemplify",1,"male"
"growing","growing",1,"male"
"penetration","penetration",1,"male"
"comprehensive","comprehensive",1,"male"
"fearless","fearless",1,"male"
"powerful1","powerful",1,"male"
"unique","unique",1,"male"
"champions","champions",1,"male"
"answers","answers",1,"male"
"confronting","confronting",1,"male"
"endeavours","endeavours",1,"male"
"eternal","eternal",1,"male"
"independence","independence",1,"male"
"questions","questions",1,"male"
"vigour","vigour",1,"male"
"penetrated","penetrated",1,"male"
"spiritual1","spiritual",1,"male"
"biographical1","biographical",1,"male"
"defending","defending",1,"male"
"exalted","exalted",1,"male"
"oratory","oratory",1,"male"
"old","old",1,"male"
"seai","seai",1,"male"
"iceland","iceland",1,"male"
"artistical","artistical",1,"male"
"constitutes","constitutes",1,"male"
"example","example",1,"male"
"language","language",1,"male"
"clearsighted","clearsighted",1,"male"
"conscience","conscience",1,"male"
"earnestness","earnestness",1,"male"
"tragic","tragic",1,"male"
"evocative","evocative",1,"male"
"fashion","fashion",1,"male"
"flight","flight",1,"male"
"imagery","imagery",1,"male"
"soaring","soaring",1,"male"
"visionary1","visionary",1,"male"
"country","country",1,"male"
"drawn","drawn",1,"male"
"themes","themes",1,"male"
"traced","traced",1,"male"
"combining","combining",1,"male"
"imaginative","imaginative",1,"male"
"perception1","perception",1,"male"
"sympathetic","sympathetic",1,"male"
"eminent","eminent",1,"male"
"feeling","feeling",1,"male"
"hellenic","hellenic",1,"male"
"farreaching","farreaching",1,"male"
"filled","filled",1,"male"
"don","don",1,"male"
"historic","historic",1,"male"
"jewish","jewish",1,"male"
"motifs","motifs",1,"male"
"deeprooted","deeprooted",1,"male"
"indian","indian",1,"male"
"traits","traits",1,"male"
"essence","essence",1,"male"
"japanese","japanese",1,"male"
"sensibility","sensibility",1,"male"
"acquires","acquires",1,"male"
"destitution","destitution",1,"male"
"elevation","elevation",1,"male"
"indispensable","indispensable",1,"male"
"pursued","pursued",1,"male"
"alive","alive",1,"male"
"destiny1","destiny",1,"male"
"dreams","dreams",1,"male"
"elemental","elemental",1,"male"
"characterization","characterization",1,"male"
"german","german",1,"male"
"continent","continent",1,"male"
"introduced","introduced",1,"male"
"farseeing","farseeing",1,"male"
"lands","lands",1,"male"
"catch","catch",1,"male"
"dewdrop","dewdrop",1,"male"
"reflect","reflect",1,"male"
"distinctive","distinctive",1,"male"
"illusions","illusions",1,"male"
"interpreted","interpreted",1,"male"
"sensitivity","sensitivity",1,"male"
"sign","sign",1,"male"
"subtle","subtle",1,"male"
"representing","representing",1,"male"
"wars","wars",1,"male"
"polishjewish","polishjewish",1,"male"
"roots","roots",1,"male"
"depicts1","depicts",1,"male"
"greek","greek",1,"male"
"severe","severe",1,"male"
"uncompromising","uncompromising",1,"male"
"voices1","voices",1,"male"
"composed","composed",1,"male"
"fantastic","fantastic",1,"male"
"reflecting","reflecting",1,"male"
"richly","richly",1,"male"
"illuminate","illuminate",1,"male"
"perspicuity","perspicuity",1,"male"
"universality","universality",1,"male"
"endowed","endowed",1,"male"
"image","image",1,"male"
"indomitable","indomitable",1,"male"
"inventiveness","inventiveness",1,"male"
"liberating","liberating",1,"male"
"provides","provides",1,"male"
"sensuality","sensuality",1,"male"
"versatility","versatility",1,"male"
"awareness","awareness",1,"male"
"combines","combines",1,"male"
"depiction","depiction",1,"male"
"painters","painters",1,"male"
"poets","poets",1,"male"
"fashions","fashions",1,"male"
"overtones","overtones",1,"male"
"authorship","authorship",1,"male"
"clarity1","clarity",1,"male"
"embracing","embracing",1,"male"
"imbued","imbued",1,"male"
"ambiguous","ambiguous",1,"male"
"applies","applies",1,"male"
"arabian","arabian",1,"male"
"clearsightedly","clearsightedly",1,"male"
"evocatively","evocatively",1,"male"
"formed","formed",1,"male"
"nuance","nuance",1,"male"
"challenging","challenging",1,"male"
"intensive","intensive",1,"male"
"restrained","restrained",1,"male"
"vulnerability","vulnerability",1,"male"
"horizons","horizons",1,"male"
"humanistic","humanistic",1,"male"
"intelligence","intelligence",1,"male"
"commitment","commitment",1,"male"
"luminosity","luminosity",1,"male"
"multicultural","multicultural",1,"male"
"oeuvre","oeuvre",1,"male"
"condense","condense",1,"male"
"creates","creates",1,"male"
"disconcerting","disconcerting",1,"male"
"imagined","imagined",1,"male"
"picture1","picture",1,"male"
"predicament","predicament",1,"male"
"depth1","depth",1,"male"
"exalt","exalt",1,"male"
"miracles","miracles",1,"male"
"past","past",1,"male"
"authority","authority",1,"male"
"downtrodden","downtrodden",1,"male"
"emulates","emulates",1,"male"
"jesters","jesters",1,"male"
"scourging","scourging",1,"male"
"upholding","upholding",1,"male"
"apprehend","apprehend",1,"male"
"continually","continually",1,"male"
"elusory","elusory",1,"male"
"enables","enables",1,"male"
"irony","irony",1,"male"
"parables","parables",1,"male"
"fables","fables",1,"male"
"face","face",1,"male"
"forgotten","forgotten",1,"male"
"frolicsome","frolicsome",1,"male"
"portray","portray",1,"male"
"whose","whose",1,"male"
"actively","actively",1,"male"
"level","level",1,"male"
"raising","raising",1,"male"
"scientific","scientific",1,"male"
"static","static",1,"male"
"empirically","empirically",1,"male"
"founded","founded",1,"male"
"inputoutput","inputoutput",1,"male"
"complexity","complexity",1,"male"
"stabilization","stabilization",1,"male"
"organizations","organizations",1,"male"
"econometric","econometric",1,"male"
"policies","policies",1,"male"
"decisions","decisions",1,"male"
"employment","employment",1,"male"
"expenditure","expenditure",1,"male"
"causes","causes",1,"male"
"industrial","industrial",1,"male"
"seminal","seminal",1,"male"
"analytical","analytical",1,"male"
"incorporated","incorporated",1,"male"
"reformulation","reformulation",1,"male"
"rigorous","rigorous",1,"male"
"accounts","accounts",1,"male"
"hence","hence",1,"male"
"improved","improved",1,"male"
"saving","saving",1,"male"
"bases","bases",1,"male"
"constitutional","constitutional",1,"male"
"contractual","contractual",1,"male"
"political","political",1,"male"
"utilization","utilization",1,"male"
"econometrics","econometrics",1,"male"
"probability","probability",1,"male"
"simultaneous","simultaneous",1,"male"
"costs","costs",1,"male"
"economy","economy",1,"male"
"property","property",1,"male"
"transaction","transaction",1,"male"
"extended","extended",1,"male"
"microeconomic","microeconomic",1,"male"
"nonmarket","nonmarket",1,"male"
"expectations","expectations",1,"male"
"hypothesis","hypothesis",1,"male"
"rational","rational",1,"male"
"areas","areas",1,"male"
"currency","currency",1,"male"
"exchange","exchange",1,"male"
"fiscal","fiscal",1,"male"
"rate","rate",1,"male"
"regimes","regimes",1,"male"
"asia","asia",1,"male"
"reconciliation1","reconciliation",1,"male"
"samples","samples",1,"male"
"selective","selective",1,"male"
"choice","choice",1,"male"
"discrete","discrete",1,"male"
"aeliguvre","aeliguvre",1,"male"
"bitter","bitter",1,"male"
"chinese","chinese",1,"male"
"validity","validity",1,"male"
"compel","compel",1,"male"
"histories","histories",1,"male"
"incorruptible","incorruptible",1,"male"
"perceptive","perceptive",1,"male"
"scrutiny1","scrutiny",1,"male"
"see","see",1,"male"
"suppressed","suppressed",1,"male"
"determining","determining",1,"male"
"judgment","judgment",1,"male"
"uncertainty","uncertainty",1,"male"
"alternative","alternative",1,"male"
"established","established",1,"male"
"laboratory","laboratory",1,"male"
"tool","tool",1,"male"
"arbitrariness","arbitrariness",1,"male"
"barbaric","barbaric",1,"male"
"fragile","fragile",1,"male"
"upholds","upholds",1,"male"
"advance","advance",1,"male"
"promote","promote",1,"male"
"guises","guises",1,"male"
"innumerable","innumerable",1,"male"
"involvement","involvement",1,"male"
"outsider","outsider",1,"male"
"portrays","portrays",1,"male"
"surprising","surprising",1,"male"
"water","water",1,"male"
"arch","arch",1,"male"
"timevarying","timevarying",1,"male"
"volatility","volatility",1,"male"
"cointegration","cointegration",1,"male"
"common","common",1,"male"
"trends","trends",1,"male"
"odorant1","odorant",1,"male"
"olfactory1","olfactory",1,"male"
"coherence","coherence",1,"male"
"prevent","prevent",1,"male"
"safest","safest",1,"male"
"closed","closed",1,"male"
"entry","entry",1,"male"
"oppressions","oppressions",1,"male"
"plays1","plays",1,"male"
"prattle","prattle",1,"male"
"precipice","precipice",1,"male"
"rooms","rooms",1,"male"
"uncovers","uncovers",1,"male"
"eukaryotic","eukaryotic",1,"male"
"transcription","transcription",1,"male"
"intertemporal","intertemporal",1,"male"
"tradeoffs","tradeoffs",1,"male"
"city","city",1,"male"
"clash","clash",1,"male"
"interlacing","interlacing",1,"male"
"melancholic","melancholic",1,"male"
"soul","soul",1,"male"
"symbols","symbols",1,"male"
"surfaces","surfaces",1,"male"
"build","build",1,"male"
"counteract","counteract",1,"male"
"disseminate","disseminate",1,"male"
"greater","greater",1,"male"
"lay","lay",1,"male"
"manmade","manmade",1,"male"
"measures","measures",1,"male"
"needed","needed",1,"male"
"cervical","cervical",1,"male"
"papilloma","papilloma",1,"male"
"immunodeficiency1","immunodeficiency",1,"male"
"adventure","adventure",1,"male"
"beyond","beyond",1,"male"
"civilization","civilization",1,"male"
"departures","departures",1,"male"
"ecstasy","ecstasy",1,"male"
"explorer","explorer",1,"male"
"reigning","reigning",1,"male"
"sensual","sensual",1,"male"
"location","location",1,"male"
"chromosomes1","chromosomes",1,"male"
"protected1","protected",1,"male"
"telomerase1","telomerase",1,"male"
"telomeres1","telomeres",1,"male"
"communication","communication",1,"male"
"fibers","fibers",1,"male"
"strengthen","strengthen",1,"male"
"firm","firm",1,"male"
"governance1","governance",1,"male"
"fertilization","fertilization",1,"male"
"vitro","vitro",1,"male"
"cartography","cartography",1,"male"
"defeat","defeat",1,"male"
"individuals","individuals",1,"male"
"resistance","resistance",1,"male"
"revolt","revolt",1,"male"
"trenchant","trenchant",1,"male"
"china1","china",1,"male"
"adaptive","adaptive",1,"male"
"dendritic","dendritic",1,"male"
"quasicrystals","quasicrystals",1,"male"
"access","access",1,"male"
"translucent","translucent",1,"male"
"folk","folk",1,"male"
"hallucinatory","hallucinatory",1,"male"
"merges","merges",1,"male"
"realism","realism",1,"male"
"tales","tales",1,"male"
"evoked","evoked",1,"male"
"lifeworld","lifeworld",1,"male"
"memory","memory",1,"male"
"occupation","occupation",1,"male"
"ungraspable","ungraspable",1,"male"
"education1","education",1,"male"
"right1","right",1,"male"
"suppression1","suppression",1,"male"
"young1","young",1,"male"
"autophagy","autophagy",1,"male"
"bring","bring",1,"male"
"country<e2><U+0092>s","country<e2><U+0092>s",1,"male"
"resolute","resolute",1,"male"
"yearlong","yearlong",1,"male"
"created","created",1,"male"
"expressions","expressions",1,"male"
"song","song",1,"male"
"abyss","abyss",1,"male"
"beneath","beneath",1,"male"
"emotional","emotional",1,"male"
"illusory","illusory",1,"male"
"behavioural","behavioural",1,"male"
"tweezers","tweezers",1,"male"
"generating1","generating",1,"male"
"highintensity1","highintensity",1,"male"
"ultrashort1","ultrashort",1,"male"
"armed1","armed",1,"male"
"sexual1","sexual",1,"male"
"violence1","violence",1,"male"
"innovations","innovations",1,"male"
"technological","technological",1,"male"
"cosmology","cosmology",1,"male"
"explored","explored",1,"male"
"influential","influential",1,"male"
"periphery","periphery",1,"male"
"achieve","achieve",1,"male"
"border","border",1,"male"
"eritrea","eritrea",1,"male"
"initiative","initiative",1,"male"
"neighbouring","neighbouring",1,"male"
"hole","hole",1,"male"
"relativity","relativity",1,"male"
"robust","robust",1,"male"
"compact1","compact",1,"male"
"galaxy1","galaxy",1,"male"
"object1","object",1,"male"
"supermassive1","supermassive",1,"male"
